{
	"BUILD_DIR" : "/home/paoqch/Pictures/Pro-Pruebas-master/build-C_IDE-Desktop_Qt_5_15_0_GCC_64bit-Debug/C_IDE_autogen",
	"CMAKE_BINARY_DIR" : "/home/paoqch/Pictures/Pro-Pruebas-master/build-C_IDE-Desktop_Qt_5_15_0_GCC_64bit-Debug",
	"CMAKE_CURRENT_BINARY_DIR" : "/home/paoqch/Pictures/Pro-Pruebas-master/build-C_IDE-Desktop_Qt_5_15_0_GCC_64bit-Debug",
	"CMAKE_CURRENT_SOURCE_DIR" : "/home/paoqch/Pictures/Pro-Pruebas-master/C_IDE",
	"CMAKE_EXECUTABLE" : "/home/paoqch/Qt/Tools/CMake/bin/cmake",
	"CMAKE_LIST_FILES" : 
	[
		"/home/paoqch/Pictures/Pro-Pruebas-master/C_IDE/CMakeLists.txt",
		"/home/paoqch/Pictures/Pro-Pruebas-master/build-C_IDE-Desktop_Qt_5_15_0_GCC_64bit-Debug/CMakeFiles/3.19.2/CMakeSystem.cmake",
		"/home/paoqch/Qt/Tools/CMake/share/cmake-3.19/Modules/CMakeSystemSpecificInitialize.cmake",
		"/home/paoqch/Pictures/Pro-Pruebas-master/build-C_IDE-Desktop_Qt_5_15_0_GCC_64bit-Debug/CMakeFiles/3.19.2/CMakeCXXCompiler.cmake",
		"/home/paoqch/Qt/Tools/CMake/share/cmake-3.19/Modules/CMakeSystemSpecificInformation.cmake",
		"/home/paoqch/Qt/Tools/CMake/share/cmake-3.19/Modules/CMakeGenericSystem.cmake",
		"/home/paoqch/Qt/Tools/CMake/share/cmake-3.19/Modules/CMakeInitializeConfigs.cmake",
		"/home/paoqch/Qt/Tools/CMake/share/cmake-3.19/Modules/Platform/Linux.cmake",
		"/home/paoqch/Qt/Tools/CMake/share/cmake-3.19/Modules/Platform/UnixPaths.cmake",
		"/home/paoqch/Qt/Tools/CMake/share/cmake-3.19/Modules/CMakeCXXInformation.cmake",
		"/home/paoqch/Qt/Tools/CMake/share/cmake-3.19/Modules/CMakeLanguageInformation.cmake",
		"/home/paoqch/Qt/Tools/CMake/share/cmake-3.19/Modules/Compiler/GNU-CXX.cmake",
		"/home/paoqch/Qt/Tools/CMake/share/cmake-3.19/Modules/Compiler/GNU.cmake",
		"/home/paoqch/Qt/Tools/CMake/share/cmake-3.19/Modules/Compiler/CMakeCommonCompilerMacros.cmake",
		"/home/paoqch/Qt/Tools/CMake/share/cmake-3.19/Modules/Platform/Linux-GNU-CXX.cmake",
		"/home/paoqch/Qt/Tools/CMake/share/cmake-3.19/Modules/Platform/Linux-GNU.cmake",
		"/home/paoqch/Qt/Tools/CMake/share/cmake-3.19/Modules/CMakeCommonLanguageInclude.cmake",
		"/home/paoqch/Qt/5.15.0/gcc_64/lib/cmake/Qt5Core/Qt5CoreConfigVersion.cmake",
		"/home/paoqch/Qt/5.15.0/gcc_64/lib/cmake/Qt5Core/Qt5CoreConfig.cmake",
		"/home/paoqch/Qt/5.15.0/gcc_64/lib/cmake/Qt5Core/Qt5CoreConfigExtras.cmake",
		"/home/paoqch/Qt/5.15.0/gcc_64/lib/cmake/Qt5Core/Qt5CoreConfigExtrasMkspecDir.cmake",
		"/home/paoqch/Qt/5.15.0/gcc_64/lib/cmake/Qt5Core/Qt5CoreMacros.cmake",
		"/home/paoqch/Qt/Tools/CMake/share/cmake-3.19/Modules/CMakeParseArguments.cmake",
		"/home/paoqch/Qt/5.15.0/gcc_64/lib/cmake/Qt5Widgets/Qt5WidgetsConfigVersion.cmake",
		"/home/paoqch/Qt/5.15.0/gcc_64/lib/cmake/Qt5Widgets/Qt5WidgetsConfig.cmake",
		"/home/paoqch/Qt/5.15.0/gcc_64/lib/cmake/Qt5Gui/Qt5GuiConfigVersion.cmake",
		"/home/paoqch/Qt/5.15.0/gcc_64/lib/cmake/Qt5Gui/Qt5GuiConfig.cmake",
		"/home/paoqch/Qt/5.15.0/gcc_64/lib/cmake/Qt5Gui/Qt5Gui_QComposePlatformInputContextPlugin.cmake",
		"/home/paoqch/Qt/5.15.0/gcc_64/lib/cmake/Qt5Gui/Qt5Gui_QEglFSEmulatorIntegrationPlugin.cmake",
		"/home/paoqch/Qt/5.15.0/gcc_64/lib/cmake/Qt5Gui/Qt5Gui_QEglFSIntegrationPlugin.cmake",
		"/home/paoqch/Qt/5.15.0/gcc_64/lib/cmake/Qt5Gui/Qt5Gui_QEglFSKmsEglDeviceIntegrationPlugin.cmake",
		"/home/paoqch/Qt/5.15.0/gcc_64/lib/cmake/Qt5Gui/Qt5Gui_QEglFSX11IntegrationPlugin.cmake",
		"/home/paoqch/Qt/5.15.0/gcc_64/lib/cmake/Qt5Gui/Qt5Gui_QEvdevKeyboardPlugin.cmake",
		"/home/paoqch/Qt/5.15.0/gcc_64/lib/cmake/Qt5Gui/Qt5Gui_QEvdevMousePlugin.cmake",
		"/home/paoqch/Qt/5.15.0/gcc_64/lib/cmake/Qt5Gui/Qt5Gui_QEvdevTabletPlugin.cmake",
		"/home/paoqch/Qt/5.15.0/gcc_64/lib/cmake/Qt5Gui/Qt5Gui_QEvdevTouchScreenPlugin.cmake",
		"/home/paoqch/Qt/5.15.0/gcc_64/lib/cmake/Qt5Gui/Qt5Gui_QGifPlugin.cmake",
		"/home/paoqch/Qt/5.15.0/gcc_64/lib/cmake/Qt5Gui/Qt5Gui_QGtk3ThemePlugin.cmake",
		"/home/paoqch/Qt/5.15.0/gcc_64/lib/cmake/Qt5Gui/Qt5Gui_QICNSPlugin.cmake",
		"/home/paoqch/Qt/5.15.0/gcc_64/lib/cmake/Qt5Gui/Qt5Gui_QICOPlugin.cmake",
		"/home/paoqch/Qt/5.15.0/gcc_64/lib/cmake/Qt5Gui/Qt5Gui_QIbusPlatformInputContextPlugin.cmake",
		"/home/paoqch/Qt/5.15.0/gcc_64/lib/cmake/Qt5Gui/Qt5Gui_QJpegPlugin.cmake",
		"/home/paoqch/Qt/5.15.0/gcc_64/lib/cmake/Qt5Gui/Qt5Gui_QLinuxFbIntegrationPlugin.cmake",
		"/home/paoqch/Qt/5.15.0/gcc_64/lib/cmake/Qt5Gui/Qt5Gui_QMinimalEglIntegrationPlugin.cmake",
		"/home/paoqch/Qt/5.15.0/gcc_64/lib/cmake/Qt5Gui/Qt5Gui_QMinimalIntegrationPlugin.cmake",
		"/home/paoqch/Qt/5.15.0/gcc_64/lib/cmake/Qt5Gui/Qt5Gui_QOffscreenIntegrationPlugin.cmake",
		"/home/paoqch/Qt/5.15.0/gcc_64/lib/cmake/Qt5Gui/Qt5Gui_QSvgIconPlugin.cmake",
		"/home/paoqch/Qt/5.15.0/gcc_64/lib/cmake/Qt5Gui/Qt5Gui_QSvgPlugin.cmake",
		"/home/paoqch/Qt/5.15.0/gcc_64/lib/cmake/Qt5Gui/Qt5Gui_QTgaPlugin.cmake",
		"/home/paoqch/Qt/5.15.0/gcc_64/lib/cmake/Qt5Gui/Qt5Gui_QTiffPlugin.cmake",
		"/home/paoqch/Qt/5.15.0/gcc_64/lib/cmake/Qt5Gui/Qt5Gui_QTuioTouchPlugin.cmake",
		"/home/paoqch/Qt/5.15.0/gcc_64/lib/cmake/Qt5Gui/Qt5Gui_QVncIntegrationPlugin.cmake",
		"/home/paoqch/Qt/5.15.0/gcc_64/lib/cmake/Qt5Gui/Qt5Gui_QWaylandEglPlatformIntegrationPlugin.cmake",
		"/home/paoqch/Qt/5.15.0/gcc_64/lib/cmake/Qt5Gui/Qt5Gui_QWaylandIntegrationPlugin.cmake",
		"/home/paoqch/Qt/5.15.0/gcc_64/lib/cmake/Qt5Gui/Qt5Gui_QWaylandXCompositeEglPlatformIntegrationPlugin.cmake",
		"/home/paoqch/Qt/5.15.0/gcc_64/lib/cmake/Qt5Gui/Qt5Gui_QWaylandXCompositeGlxPlatformIntegrationPlugin.cmake",
		"/home/paoqch/Qt/5.15.0/gcc_64/lib/cmake/Qt5Gui/Qt5Gui_QWbmpPlugin.cmake",
		"/home/paoqch/Qt/5.15.0/gcc_64/lib/cmake/Qt5Gui/Qt5Gui_QWebpPlugin.cmake",
		"/home/paoqch/Qt/5.15.0/gcc_64/lib/cmake/Qt5Gui/Qt5Gui_QXcbEglIntegrationPlugin.cmake",
		"/home/paoqch/Qt/5.15.0/gcc_64/lib/cmake/Qt5Gui/Qt5Gui_QXcbGlxIntegrationPlugin.cmake",
		"/home/paoqch/Qt/5.15.0/gcc_64/lib/cmake/Qt5Gui/Qt5Gui_QXcbIntegrationPlugin.cmake",
		"/home/paoqch/Qt/5.15.0/gcc_64/lib/cmake/Qt5Gui/Qt5Gui_QXdgDesktopPortalThemePlugin.cmake",
		"/home/paoqch/Qt/5.15.0/gcc_64/lib/cmake/Qt5Gui/Qt5GuiConfigExtras.cmake",
		"/home/paoqch/Qt/5.15.0/gcc_64/lib/cmake/Qt5Widgets/Qt5WidgetsConfigExtras.cmake",
		"/home/paoqch/Qt/5.15.0/gcc_64/lib/cmake/Qt5Widgets/Qt5WidgetsMacros.cmake",
		"/home/paoqch/Qt/Tools/CMake/share/cmake-3.19/Modules/CMakeParseArguments.cmake",
		"/home/paoqch/Qt/5.15.0/gcc_64/lib/cmake/Qt5Quick/Qt5QuickConfigVersion.cmake",
		"/home/paoqch/Qt/5.15.0/gcc_64/lib/cmake/Qt5Quick/Qt5QuickConfig.cmake",
		"/home/paoqch/Qt/5.15.0/gcc_64/lib/cmake/Qt5QmlModels/Qt5QmlModelsConfigVersion.cmake",
		"/home/paoqch/Qt/5.15.0/gcc_64/lib/cmake/Qt5QmlModels/Qt5QmlModelsConfig.cmake",
		"/home/paoqch/Qt/5.15.0/gcc_64/lib/cmake/Qt5Qml/Qt5QmlConfigVersion.cmake",
		"/home/paoqch/Qt/5.15.0/gcc_64/lib/cmake/Qt5Qml/Qt5QmlConfig.cmake",
		"/home/paoqch/Qt/5.15.0/gcc_64/lib/cmake/Qt5Network/Qt5NetworkConfigVersion.cmake",
		"/home/paoqch/Qt/5.15.0/gcc_64/lib/cmake/Qt5Network/Qt5NetworkConfig.cmake",
		"/home/paoqch/Qt/5.15.0/gcc_64/lib/cmake/Qt5Network/Qt5Network_QConnmanEnginePlugin.cmake",
		"/home/paoqch/Qt/5.15.0/gcc_64/lib/cmake/Qt5Network/Qt5Network_QGenericEnginePlugin.cmake",
		"/home/paoqch/Qt/5.15.0/gcc_64/lib/cmake/Qt5Network/Qt5Network_QNetworkManagerEnginePlugin.cmake",
		"/home/paoqch/Qt/5.15.0/gcc_64/lib/cmake/Qt5Qml/Qt5Qml_QDebugMessageServiceFactory.cmake",
		"/home/paoqch/Qt/5.15.0/gcc_64/lib/cmake/Qt5Qml/Qt5Qml_QLocalClientConnectionFactory.cmake",
		"/home/paoqch/Qt/5.15.0/gcc_64/lib/cmake/Qt5Qml/Qt5Qml_QQmlDebugServerFactory.cmake",
		"/home/paoqch/Qt/5.15.0/gcc_64/lib/cmake/Qt5Qml/Qt5Qml_QQmlDebuggerServiceFactory.cmake",
		"/home/paoqch/Qt/5.15.0/gcc_64/lib/cmake/Qt5Qml/Qt5Qml_QQmlInspectorServiceFactory.cmake",
		"/home/paoqch/Qt/5.15.0/gcc_64/lib/cmake/Qt5Qml/Qt5Qml_QQmlNativeDebugConnectorFactory.cmake",
		"/home/paoqch/Qt/5.15.0/gcc_64/lib/cmake/Qt5Qml/Qt5Qml_QQmlNativeDebugServiceFactory.cmake",
		"/home/paoqch/Qt/5.15.0/gcc_64/lib/cmake/Qt5Qml/Qt5Qml_QQmlPreviewServiceFactory.cmake",
		"/home/paoqch/Qt/5.15.0/gcc_64/lib/cmake/Qt5Qml/Qt5Qml_QQmlProfilerServiceFactory.cmake",
		"/home/paoqch/Qt/5.15.0/gcc_64/lib/cmake/Qt5Qml/Qt5Qml_QQuickProfilerAdapterFactory.cmake",
		"/home/paoqch/Qt/5.15.0/gcc_64/lib/cmake/Qt5Qml/Qt5Qml_QTcpServerConnectionFactory.cmake",
		"/home/paoqch/Qt/5.15.0/gcc_64/lib/cmake/Qt5Qml/Qt5QmlConfigExtras.cmake",
		"/home/paoqch/Qt/5.15.0/gcc_64/lib/cmake/Qt5Network/Qt5NetworkConfigVersion.cmake",
		"/home/paoqch/Qt/5.15.0/gcc_64/lib/cmake/Qt5Network/Qt5NetworkConfig.cmake"
	],
	"CMAKE_SOURCE_DIR" : "/home/paoqch/Pictures/Pro-Pruebas-master/C_IDE",
	"DEP_FILE" : "/home/paoqch/Pictures/Pro-Pruebas-master/build-C_IDE-Desktop_Qt_5_15_0_GCC_64bit-Debug/C_IDE_autogen/deps",
	"DEP_FILE_RULE_NAME" : "C_IDE_autogen/timestamp",
	"HEADERS" : 
	[
		[
			"/home/paoqch/Pictures/Pro-Pruebas-master/C_IDE/client.h",
			"MU",
			"EWIEGA46WW/moc_client.cpp"
		],
		[
			"/home/paoqch/Pictures/Pro-Pruebas-master/C_IDE/logger.h",
			"MU",
			"EWIEGA46WW/moc_logger.cpp"
		],
		[
			"/home/paoqch/Pictures/Pro-Pruebas-master/C_IDE/mainwindow.h",
			"MU",
			"EWIEGA46WW/moc_mainwindow.cpp"
		],
		[
			"/home/paoqch/Pictures/Pro-Pruebas-master/C_IDE/stringparse.h",
			"MU",
			"EWIEGA46WW/moc_stringparse.cpp"
		]
	],
	"HEADER_EXTENSIONS" : [ "h", "hh", "h++", "hm", "hpp", "hxx", "in", "txx" ],
	"INCLUDE_DIR" : "/home/paoqch/Pictures/Pro-Pruebas-master/build-C_IDE-Desktop_Qt_5_15_0_GCC_64bit-Debug/C_IDE_autogen/include",
	"MOC_COMPILATION_FILE" : "/home/paoqch/Pictures/Pro-Pruebas-master/build-C_IDE-Desktop_Qt_5_15_0_GCC_64bit-Debug/C_IDE_autogen/mocs_compilation.cpp",
	"MOC_DEFINITIONS" : 
	[
		"QT_CORE_LIB",
		"QT_GUI_LIB",
		"QT_NETWORK_LIB",
		"QT_QMLMODELS_LIB",
		"QT_QML_LIB",
		"QT_QUICK_LIB",
		"QT_WIDGETS_LIB"
	],
	"MOC_DEPEND_FILTERS" : 
	[
		[
			"Q_PLUGIN_METADATA",
			"[\n][ \t]*Q_PLUGIN_METADATA[ \t]*\\([^\\)]*FILE[ \t]*\"([^\"]+)\""
		]
	],
	"MOC_INCLUDES" : 
	[
		"/home/paoqch/Pictures/Pro-Pruebas-master/build-C_IDE-Desktop_Qt_5_15_0_GCC_64bit-Debug",
		"/home/paoqch/Pictures/Pro-Pruebas-master/C_IDE",
		"/home/paoqch/Qt/5.15.0/gcc_64/include",
		"/home/paoqch/Qt/5.15.0/gcc_64/include/QtCore",
		"/home/paoqch/Qt/5.15.0/gcc_64/mkspecs/linux-g++",
		"/home/paoqch/Qt/5.15.0/gcc_64/include/QtWidgets",
		"/home/paoqch/Qt/5.15.0/gcc_64/include/QtGui",
		"/home/paoqch/Qt/5.15.0/gcc_64/include/QtQuick",
		"/home/paoqch/Qt/5.15.0/gcc_64/include/QtQmlModels",
		"/home/paoqch/Qt/5.15.0/gcc_64/include/QtQml",
		"/home/paoqch/Qt/5.15.0/gcc_64/include/QtNetwork",
		"/usr/include",
		"/usr/include/c++/9",
		"/usr/include/x86_64-linux-gnu/c++/9",
		"/usr/include/c++/9/backward",
		"/usr/lib/gcc/x86_64-linux-gnu/9/include",
		"/usr/local/include",
		"/usr/include/x86_64-linux-gnu"
	],
	"MOC_MACRO_NAMES" : [ "Q_OBJECT", "Q_GADGET", "Q_NAMESPACE", "Q_NAMESPACE_EXPORT" ],
	"MOC_OPTIONS" : [],
	"MOC_PATH_PREFIX" : false,
	"MOC_PREDEFS_CMD" : 
	[
		"/usr/bin/g++",
		"-dM",
		"-E",
		"-c",
		"/home/paoqch/Qt/Tools/CMake/share/cmake-3.19/Modules/CMakeCXXCompilerABI.cpp"
	],
	"MOC_PREDEFS_FILE" : "/home/paoqch/Pictures/Pro-Pruebas-master/build-C_IDE-Desktop_Qt_5_15_0_GCC_64bit-Debug/C_IDE_autogen/moc_predefs.h",
	"MOC_RELAXED_MODE" : false,
	"MOC_SKIP" : [],
	"MULTI_CONFIG" : false,
	"PARALLEL" : 2,
	"PARSE_CACHE_FILE" : "/home/paoqch/Pictures/Pro-Pruebas-master/build-C_IDE-Desktop_Qt_5_15_0_GCC_64bit-Debug/CMakeFiles/C_IDE_autogen.dir/ParseCache.txt",
	"QT_MOC_EXECUTABLE" : "/home/paoqch/Qt/5.15.0/gcc_64/bin/moc",
	"QT_UIC_EXECUTABLE" : "/home/paoqch/Qt/5.15.0/gcc_64/bin/uic",
	"QT_VERSION_MAJOR" : 5,
	"QT_VERSION_MINOR" : 15,
	"SETTINGS_FILE" : "/home/paoqch/Pictures/Pro-Pruebas-master/build-C_IDE-Desktop_Qt_5_15_0_GCC_64bit-Debug/CMakeFiles/C_IDE_autogen.dir/AutogenUsed.txt",
	"SOURCES" : 
	[
		[ "/home/paoqch/Pictures/Pro-Pruebas-master/C_IDE/client.cpp", "MU" ],
		[ "/home/paoqch/Pictures/Pro-Pruebas-master/C_IDE/logger.cpp", "MU" ],
		[ "/home/paoqch/Pictures/Pro-Pruebas-master/C_IDE/main.cpp", "MU" ],
		[ "/home/paoqch/Pictures/Pro-Pruebas-master/C_IDE/mainwindow.cpp", "MU" ],
		[
			"/home/paoqch/Pictures/Pro-Pruebas-master/C_IDE/stringparse.cpp",
			"MU"
		]
	],
	"UIC_OPTIONS" : [],
	"UIC_SEARCH_PATHS" : [],
	"UIC_SKIP" : [],
	"UIC_UI_FILES" : [],
	"VERBOSITY" : 0
}
